"path","line","column","excerpt"
"C:\Users\Fielduser\Documents\GitHub\Incident-Management-Assistant\agents.md","95","26","- Symptoms to look for: ""\xe2\u20ac\u2122"" for ""\u2019"", ""\xe2\u20ac\u201c/\xe2\u20ac\u201d"" for ""\u2013/\u2014"", and ""\xc2\u20ac"" or ""\xe2\u201a\xac"" for ""\u20ac""."
"C:\Users\Fielduser\Documents\GitHub\Incident-Management-Assistant\agents.md","95","45","- Symptoms to look for: ""\xe2\u20ac\u2122"" for ""\u2019"", ""\xe2\u20ac\u201c/\xe2\u20ac\u201d"" for ""\u2013/\u2014"", and ""\xc2\u20ac"" or ""\xe2\u201a\xac"" for ""\u20ac""."
"C:\Users\Fielduser\Documents\GitHub\Incident-Management-Assistant\agents.md","95","41","- Symptoms to look for: ""\xe2\u20ac\u2122"" for ""\u2019"", ""\xe2\u20ac\u201c/\xe2\u20ac\u201d"" for ""\u2013/\u2014"", and ""\xc2\u20ac"" or ""\xe2\u201a\xac"" for ""\u20ac""."
"C:\Users\Fielduser\Documents\GitHub\Incident-Management-Assistant\agents.md","95","66","- Symptoms to look for: ""\xe2\u20ac\u2122"" for ""\u2019"", ""\xe2\u20ac\u201c/\xe2\u20ac\u201d"" for ""\u2013/\u2014"", and ""\xc2\u20ac"" or ""\xe2\u201a\xac"" for ""\u20ac""."
"C:\Users\Fielduser\Documents\GitHub\Incident-Management-Assistant\agents.md","95","74","- Symptoms to look for: ""\xe2\u20ac\u2122"" for ""\u2019"", ""\xe2\u20ac\u201c/\xe2\u20ac\u201d"" for ""\u2013/\u2014"", and ""\xc2\u20ac"" or ""\xe2\u201a\xac"" for ""\u20ac""."
"C:\Users\Fielduser\Documents\GitHub\Incident-Management-Assistant\main.py","246","34","suffix = f"" \xc3\u0192\xc2\xa2\xc3\xa2\xe2\u20ac\u0161\xc2\xac\xc3\xa2\xe2\u201a\xac\xc2\x9d User: {user_id or ''} ({user_role or ''})"" if (user_id or user_role) else """""
"C:\Users\Fielduser\Documents\GitHub\Incident-Management-Assistant\main.py","371","56","""""""Persist theme selection from the View \xc3\u0192\xc2\xa2\xc3\xa2\xe2\u201a\xac\xc2\xa0\xc3\xa2\xe2\u201a\xac\xe2\u201e\xa2 Theme menu."""""""
"C:\Users\Fielduser\Documents\GitHub\Incident-Management-Assistant\main.py","371","63","""""""Persist theme selection from the View \xc3\u0192\xc2\xa2\xc3\xa2\xe2\u201a\xac\xc2\xa0\xc3\xa2\xe2\u201a\xac\xe2\u201e\xa2 Theme menu."""""""
"C:\Users\Fielduser\Documents\GitHub\Incident-Management-Assistant\main.py","579","66","self._add_action(m_cmd, ""Incident Dashboard \xc3\u0192\xc2\xa2\xc3\xa2\xe2\u20ac\u0161\xc2\xac\xc3\xa2\xe2\u201a\xac\xc2\x9d Command"", None, ""command.incident_dashboard"")"
"C:\Users\Fielduser\Documents\GitHub\Incident-Management-Assistant\main.py","636","55","self._add_action(m_intel, ""Intel \xc3\u0192\xc2\xa2\xc3\xa2\xe2\u20ac\u0161\xc2\xac\xc3\xa2\xe2\u201a\xac\xc2\x9d Dashboard"", None, ""intel.dashboard"")"
"C:\Users\Fielduser\Documents\GitHub\Incident-Management-Assistant\main.py","638","55","self._add_action(m_intel, ""Intel \xc3\u0192\xc2\xa2\xc3\xa2\xe2\u20ac\u0161\xc2\xac\xc3\xa2\xe2\u201a\xac\xc2\x9d Data Manager"", None, ""intel.data_manager"")"
"C:\Users\Fielduser\Documents\GitHub\Incident-Management-Assistant\main.py","664","39","# Public Affairs \xc3\u0192\xc2\xa2\xc3\xa2\xe2\u20ac\u0161\xc2\xac\xc3\xa2\xe2\u201a\xac\xc2\x9d Dashboard entry"
"C:\Users\Fielduser\Documents\GitHub\Incident-Management-Assistant\main.py","1245","78","self._open_dock_widget(panel, title=""Incident Dashboard \xc3\u0192\xc2\xa2\xc3\xa2\xe2\u20ac\u0161\xc2\xac\xc3\xa2\xe2\u201a\xac\xc2\x9d Command"")"
"C:\Users\Fielduser\Documents\GitHub\Incident-Management-Assistant\main.py","1295","43","""""""Open the Planning \xc3\u0192\xc2\xa2\xc3\xa2\xe2\u20ac\u0161\xc2\xac\xc3\xa2\xe2\u201a\xac\xc2\x9d At-a-Glance widget (compact, modeless/dock)."""""""
"C:\Users\Fielduser\Documents\GitHub\Incident-Management-Assistant\main.py","1314","69","self._open_dock_widget(widget, title=""Planning \xc3\u0192\xc2\xa2\xc3\xa2\xe2\u20ac\u0161\xc2\xac\xc3\xa2\xe2\u201a\xac\xc2\x9d At-a-Glance"")"
"C:\Users\Fielduser\Documents\GitHub\Incident-Management-Assistant\main.py","1412","71","self._open_dock_widget(widget, title=""Operations \xc3\u0192\xc2\xa2\xc3\xa2\xe2\u20ac\u0161\xc2\xac\xc3\xa2\xe2\u201a\xac\xc2\x9d Dashboard"")"
"C:\Users\Fielduser\Documents\GitHub\Incident-Management-Assistant\main.py","1503","71","op = AppState.get_active_op_period() or ""\xc3\u0192\xc2\xa2\xc3\xa2\xe2\u20ac\u0161\xc2\xac\xc3\xa2\xe2\u201a\xac\xc2\x9d"""
"C:\Users\Fielduser\Documents\GitHub\Incident-Management-Assistant\main.py","1504","73","role = AppState.get_active_user_role() or ""\xc3\u0192\xc2\xa2\xc3\xa2\xe2\u20ac\u0161\xc2\xac\xc3\xa2\xe2\u201a\xac\xc2\x9d"""
"C:\Users\Fielduser\Documents\GitHub\Incident-Management-Assistant\main.py","1506","42","op, role = ""\xc3\u0192\xc2\xa2\xc3\xa2\xe2\u20ac\u0161\xc2\xac\xc3\xa2\xe2\u201a\xac\xc2\x9d"", ""\xc3\u0192\xc2\xa2\xc3\xa2\xe2\u20ac\u0161\xc2\xac\xc3\xa2\xe2\u201a\xac\xc2\x9d"""
"C:\Users\Fielduser\Documents\GitHub\Incident-Management-Assistant\main.py","1506","64","op, role = ""\xc3\u0192\xc2\xa2\xc3\xa2\xe2\u20ac\u0161\xc2\xac\xc3\xa2\xe2\u201a\xac\xc2\x9d"", ""\xc3\u0192\xc2\xa2\xc3\xa2\xe2\u20ac\u0161\xc2\xac\xc3\xa2\xe2\u201a\xac\xc2\x9d"""
"C:\Users\Fielduser\Documents\GitHub\Incident-Management-Assistant\main.py","1613","56","msg = f""{msg} \xc3\u0192\xc2\xa2\xc3\xa2\xe2\u20ac\u0161\xc2\xac\xc3\xa2\xe2\u201a\xac\xc2\x9d {who}"""
"C:\Users\Fielduser\Documents\GitHub\Incident-Management-Assistant\main.py","1818","71","op = AppState.get_active_op_period() or ""\xc3\u0192\xc2\xa2\xc3\xa2\xe2\u20ac\u0161\xc2\xac\xc3\xa2\xe2\u201a\xac\xc2\x9d"""
"C:\Users\Fielduser\Documents\GitHub\Incident-Management-Assistant\main.py","1820","36","op = ""\xc3\u0192\xc2\xa2\xc3\xa2\xe2\u20ac\u0161\xc2\xac\xc3\xa2\xe2\u201a\xac\xc2\x9d"""
"C:\Users\Fielduser\Documents\GitHub\Incident-Management-Assistant\main.py","1822","73","role = AppState.get_active_user_role() or ""\xc3\u0192\xc2\xa2\xc3\xa2\xe2\u20ac\u0161\xc2\xac\xc3\xa2\xe2\u201a\xac\xc2\x9d"""
"C:\Users\Fielduser\Documents\GitHub\Incident-Management-Assistant\main.py","1824","38","role = ""\xc3\u0192\xc2\xa2\xc3\xa2\xe2\u20ac\u0161\xc2\xac\xc3\xa2\xe2\u201a\xac\xc2\x9d"""
"C:\Users\Fielduser\Documents\GitHub\Incident-Management-Assistant\main.py","1964","40","""""""Open the Intel \xc3\u0192\xc2\xa2\xc3\xa2\xe2\u20ac\u0161\xc2\xac\xc3\xa2\xe2\u201a\xac\xc2\x9d Dashboard (modeless) using the new QWidget."""""""
"C:\Users\Fielduser\Documents\GitHub\Incident-Management-Assistant\main.py","1972","63","QMessageBox.warning(self, ""Intel \xc3\u0192\xc2\xa2\xc3\xa2\xe2\u20ac\u0161\xc2\xac\xc3\xa2\xe2\u201a\xac\xc2\x9d Dashboard"", f""Widget unavailable.\n{e}"")"
"C:\Users\Fielduser\Documents\GitHub\Incident-Management-Assistant\main.py","1983","66","self._open_dock_widget(widget, title=""Intel \xc3\u0192\xc2\xa2\xc3\xa2\xe2\u20ac\u0161\xc2\xac\xc3\xa2\xe2\u201a\xac\xc2\x9d Dashboard"")"
"C:\Users\Fielduser\Documents\GitHub\Incident-Management-Assistant\main.py","2000","71","op = AppState.get_active_op_period() or ""\xc3\u0192\xc2\xa2\xc3\xa2\xe2\u20ac\u0161\xc2\xac\xc3\xa2\xe2\u201a\xac\xc2\x9d"""
"C:\Users\Fielduser\Documents\GitHub\Incident-Management-Assistant\main.py","2002","36","op = ""\xc3\u0192\xc2\xa2\xc3\xa2\xe2\u20ac\u0161\xc2\xac\xc3\xa2\xe2\u201a\xac\xc2\x9d"""
"C:\Users\Fielduser\Documents\GitHub\Incident-Management-Assistant\main.py","2004","73","role = AppState.get_active_user_role() or ""\xc3\u0192\xc2\xa2\xc3\xa2\xe2\u20ac\u0161\xc2\xac\xc3\xa2\xe2\u201a\xac\xc2\x9d"""
"C:\Users\Fielduser\Documents\GitHub\Incident-Management-Assistant\main.py","2006","38","role = ""\xc3\u0192\xc2\xa2\xc3\xa2\xe2\u20ac\u0161\xc2\xac\xc3\xa2\xe2\u201a\xac\xc2\x9d"""
"C:\Users\Fielduser\Documents\GitHub\Incident-Management-Assistant\main.py","2024","65","self._open_dock_widget(panel, title=""Intel \xc3\u0192\xc2\xa2\xc3\xa2\xe2\u20ac\u0161\xc2\xac\xc3\xa2\xe2\u201a\xac\xc2\x9d Data Manager"")"
"C:\Users\Fielduser\Documents\GitHub\Incident-Management-Assistant\main.py","2132","56","""""""Create/show the Public Affairs \xc3\u0192\xc2\xa2\xc3\xa2\xe2\u20ac\u0161\xc2\xac\xc3\xa2\xe2\u201a\xac\xc2\x9d Dashboard as a modeless widget."
"C:\Users\Fielduser\Documents\GitHub\Incident-Management-Assistant\main.py","2143","72","QMessageBox.warning(self, ""Public Affairs \xc3\u0192\xc2\xa2\xc3\xa2\xe2\u20ac\u0161\xc2\xac\xc3\xa2\xe2\u201a\xac\xc2\x9d Dashboard"", f""Widget unavailable.\n{e}"")"
"C:\Users\Fielduser\Documents\GitHub\Incident-Management-Assistant\main.py","2159","55","w.setWindowTitle(""Public Affairs \xc3\u0192\xc2\xa2\xc3\xa2\xe2\u20ac\u0161\xc2\xac\xc3\xa2\xe2\u201a\xac\xc2\x9d Dashboard"")"
"C:\Users\Fielduser\Documents\GitHub\Incident-Management-Assistant\main.py","2172","71","op = AppState.get_active_op_period() or ""\xc3\u0192\xc2\xa2\xc3\xa2\xe2\u20ac\u0161\xc2\xac\xc3\xa2\xe2\u201a\xac\xc2\x9d"""
"C:\Users\Fielduser\Documents\GitHub\Incident-Management-Assistant\main.py","2173","73","role = AppState.get_active_user_role() or ""\xc3\u0192\xc2\xa2\xc3\xa2\xe2\u20ac\u0161\xc2\xac\xc3\xa2\xe2\u201a\xac\xc2\x9d"""
"C:\Users\Fielduser\Documents\GitHub\Incident-Management-Assistant\main.py","2204","48","""""""Open the Finance/Admin \xc3\u0192\xc2\xa2\xc3\xa2\xe2\u20ac\u0161\xc2\xac\xc3\xa2\xe2\u201a\xac\xc2\x9d Dashboard (modeless) and enable auto-refresh."""""""
"C:\Users\Fielduser\Documents\GitHub\Incident-Management-Assistant\main.py","2225","74","self._open_dock_widget(widget, title=""Finance/Admin \xc3\u0192\xc2\xa2\xc3\xa2\xe2\u20ac\u0161\xc2\xac\xc3\xa2\xe2\u201a\xac\xc2\x9d Dashboard"")"
"C:\Users\Fielduser\Documents\GitHub\Incident-Management-Assistant\main.py","2285","71","op = AppState.get_active_op_period() or ""\xc3\u0192\xc2\xa2\xc3\xa2\xe2\u20ac\u0161\xc2\xac\xc3\xa2\xe2\u201a\xac\xc2\x9d"""
"C:\Users\Fielduser\Documents\GitHub\Incident-Management-Assistant\main.py","2287","36","op = ""\xc3\u0192\xc2\xa2\xc3\xa2\xe2\u20ac\u0161\xc2\xac\xc3\xa2\xe2\u201a\xac\xc2\x9d"""
"C:\Users\Fielduser\Documents\GitHub\Incident-Management-Assistant\main.py","2289","73","role = AppState.get_active_user_role() or ""\xc3\u0192\xc2\xa2\xc3\xa2\xe2\u20ac\u0161\xc2\xac\xc3\xa2\xe2\u201a\xac\xc2\x9d"""
"C:\Users\Fielduser\Documents\GitHub\Incident-Management-Assistant\main.py","2291","38","role = ""\xc3\u0192\xc2\xa2\xc3\xa2\xe2\u20ac\u0161\xc2\xac\xc3\xa2\xe2\u201a\xac\xc2\x9d"""
"C:\Users\Fielduser\Documents\GitHub\Incident-Management-Assistant\main.py","2304","55","""budget_remaining"": ""\xc3\u0192\xc2\xa2\xc3\xa2\xe2\u20ac\u0161\xc2\xac\xc3\xa2\xe2\u201a\xac\xc2\x9d"","
"C:\Users\Fielduser\Documents\GitHub\Incident-Management-Assistant\main.py","2305","52","""cost_op_today"": ""\xc3\u0192\xc2\xa2\xc3\xa2\xe2\u20ac\u0161\xc2\xac\xc3\xa2\xe2\u201a\xac\xc2\x9d"","
"C:\Users\Fielduser\Documents\GitHub\Incident-Management-Assistant\main.py","2306","53","""overtime_hours"": ""\xc3\u0192\xc2\xa2\xc3\xa2\xe2\u20ac\u0161\xc2\xac\xc3\xa2\xe2\u201a\xac\xc2\x9d"","
"C:\Users\Fielduser\Documents\GitHub\Incident-Management-Assistant\main.py","2320","53","""ops_cost_today"": ""\xc3\u0192\xc2\xa2\xc3\xa2\xe2\u20ac\u0161\xc2\xac\xc3\xa2\xe2\u201a\xac\xc2\x9d"","
"C:\Users\Fielduser\Documents\GitHub\Incident-Management-Assistant\main.py","2321","55","""ops_cost_to_date"": ""\xc3\u0192\xc2\xa2\xc3\xa2\xe2\u20ac\u0161\xc2\xac\xc3\xa2\xe2\u201a\xac\xc2\x9d"","
"C:\Users\Fielduser\Documents\GitHub\Incident-Management-Assistant\main.py","2322","51","""budget_total"": ""\xc3\u0192\xc2\xa2\xc3\xa2\xe2\u20ac\u0161\xc2\xac\xc3\xa2\xe2\u201a\xac\xc2\x9d"","
"C:\Users\Fielduser\Documents\GitHub\Incident-Management-Assistant\main.py","2323","50","""budget_used"": ""\xc3\u0192\xc2\xa2\xc3\xa2\xe2\u20ac\u0161\xc2\xac\xc3\xa2\xe2\u201a\xac\xc2\x9d"","
"C:\Users\Fielduser\Documents\GitHub\Incident-Management-Assistant\main.py","2324","55","""budget_remaining"": ""\xc3\u0192\xc2\xa2\xc3\xa2\xe2\u20ac\u0161\xc2\xac\xc3\xa2\xe2\u201a\xac\xc2\x9d"","
"C:\Users\Fielduser\Documents\GitHub\Incident-Management-Assistant\main.py","3549","46","suffix = f"" \xc3\u0192\xc2\xa2\xc3\xa2\xe2\u20ac\u0161\xc2\xac\xc3\xa2\xe2\u201a\xac\xc2\x9d User: {user_id or ''} ({user_role or ''})"""
"C:\Users\Fielduser\Documents\GitHub\Incident-Management-Assistant\main.py","3554","42","suffix = f"" \xc3\u0192\xc2\xa2\xc3\xa2\xe2\u20ac\u0161\xc2\xac\xc3\xa2\xe2\u201a\xac\xc2\x9d User: {user_id or ''} ({user_role or ''})"""
"C:\Users\Fielduser\Documents\GitHub\Incident-Management-Assistant\main.py","246","21","suffix = f"" \xc3\u0192\xc2\xa2\xc3\xa2\xe2\u20ac\u0161\xc2\xac\xc3\xa2\xe2\u201a\xac\xc2\x9d User: {user_id or ''} ({user_role or ''})"" if (user_id or user_role) else """""
"C:\Users\Fielduser\Documents\GitHub\Incident-Management-Assistant\main.py","246","25","suffix = f"" \xc3\u0192\xc2\xa2\xc3\xa2\xe2\u20ac\u0161\xc2\xac\xc3\xa2\xe2\u201a\xac\xc2\x9d User: {user_id or ''} ({user_role or ''})"" if (user_id or user_role) else """""
"C:\Users\Fielduser\Documents\GitHub\Incident-Management-Assistant\main.py","246","32","suffix = f"" \xc3\u0192\xc2\xa2\xc3\xa2\xe2\u20ac\u0161\xc2\xac\xc3\xa2\xe2\u201a\xac\xc2\x9d User: {user_id or ''} ({user_role or ''})"" if (user_id or user_role) else """""
"C:\Users\Fielduser\Documents\GitHub\Incident-Management-Assistant\main.py","371","50","""""""Persist theme selection from the View \xc3\u0192\xc2\xa2\xc3\xa2\xe2\u201a\xac\xc2\xa0\xc3\xa2\xe2\u201a\xac\xe2\u201e\xa2 Theme menu."""""""
"C:\Users\Fielduser\Documents\GitHub\Incident-Management-Assistant\main.py","371","54","""""""Persist theme selection from the View \xc3\u0192\xc2\xa2\xc3\xa2\xe2\u201a\xac\xc2\xa0\xc3\xa2\xe2\u201a\xac\xe2\u201e\xa2 Theme menu."""""""
"C:\Users\Fielduser\Documents\GitHub\Incident-Management-Assistant\main.py","371","61","""""""Persist theme selection from the View \xc3\u0192\xc2\xa2\xc3\xa2\xe2\u201a\xac\xc2\xa0\xc3\xa2\xe2\u201a\xac\xe2\u201e\xa2 Theme menu."""""""
"C:\Users\Fielduser\Documents\GitHub\Incident-Management-Assistant\main.py","403","46","act_manage = QAction(""Manage Profiles\xc3\u0192\xc2\xa2\xc3\xa2\xe2\u20ac\u0161\xc2\xac\xc3\u201a\xc2\xa6"", self)"
"C:\Users\Fielduser\Documents\GitHub\Incident-Management-Assistant\main.py","403","50","act_manage = QAction(""Manage Profiles\xc3\u0192\xc2\xa2\xc3\xa2\xe2\u20ac\u0161\xc2\xac\xc3\u201a\xc2\xa6"", self)"
"C:\Users\Fielduser\Documents\GitHub\Incident-Management-Assistant\main.py","403","57","act_manage = QAction(""Manage Profiles\xc3\u0192\xc2\xa2\xc3\xa2\xe2\u20ac\u0161\xc2\xac\xc3\u201a\xc2\xa6"", self)"
"C:\Users\Fielduser\Documents\GitHub\Incident-Management-Assistant\main.py","487","63","act_layout_manager = QAction(""Layout Templates\xc3\u0192\xc2\xa2\xc3\xa2\xe2\u20ac\u0161\xc2\xac\xc3\u201a\xc2\xa6"", self)"
"C:\Users\Fielduser\Documents\GitHub\Incident-Management-Assistant\main.py","487","67","act_layout_manager = QAction(""Layout Templates\xc3\u0192\xc2\xa2\xc3\xa2\xe2\u20ac\u0161\xc2\xac\xc3\u201a\xc2\xa6"", self)"
"C:\Users\Fielduser\Documents\GitHub\Incident-Management-Assistant\main.py","487","74","act_layout_manager = QAction(""Layout Templates\xc3\u0192\xc2\xa2\xc3\xa2\xe2\u20ac\u0161\xc2\xac\xc3\u201a\xc2\xa6"", self)"
"C:\Users\Fielduser\Documents\GitHub\Incident-Management-Assistant\main.py","492","60","act_dashboard = QAction(""Dashboard Designer\xc3\u0192\xc2\xa2\xc3\xa2\xe2\u20ac\u0161\xc2\xac\xc3\u201a\xc2\xa6"", self)"
"C:\Users\Fielduser\Documents\GitHub\Incident-Management-Assistant\main.py","492","64","act_dashboard = QAction(""Dashboard Designer\xc3\u0192\xc2\xa2\xc3\xa2\xe2\u20ac\u0161\xc2\xac\xc3\u201a\xc2\xa6"", self)"
"C:\Users\Fielduser\Documents\GitHub\Incident-Management-Assistant\main.py","492","71","act_dashboard = QAction(""Dashboard Designer\xc3\u0192\xc2\xa2\xc3\xa2\xe2\u20ac\u0161\xc2\xac\xc3\u201a\xc2\xa6"", self)"
"C:\Users\Fielduser\Documents\GitHub\Incident-Management-Assistant\main.py","497","52","act_theme = QAction(""Theme Designer\xc3\u0192\xc2\xa2\xc3\xa2\xe2\u20ac\u0161\xc2\xac\xc3\u201a\xc2\xa6"", self)"
"C:\Users\Fielduser\Documents\GitHub\Incident-Management-Assistant\main.py","497","56","act_theme = QAction(""Theme Designer\xc3\u0192\xc2\xa2\xc3\xa2\xe2\u20ac\u0161\xc2\xac\xc3\u201a\xc2\xa6"", self)"
"C:\Users\Fielduser\Documents\GitHub\Incident-Management-Assistant\main.py","497","63","act_theme = QAction(""Theme Designer\xc3\u0192\xc2\xa2\xc3\xa2\xe2\u20ac\u0161\xc2\xac\xc3\u201a\xc2\xa6"", self)"
"C:\Users\Fielduser\Documents\GitHub\Incident-Management-Assistant\main.py","505","67","act_export_bundle = QAction(""Export Customizations\xc3\u0192\xc2\xa2\xc3\xa2\xe2\u20ac\u0161\xc2\xac\xc3\u201a\xc2\xa6"", self)"
"C:\Users\Fielduser\Documents\GitHub\Incident-Management-Assistant\main.py","505","71","act_export_bundle = QAction(""Export Customizations\xc3\u0192\xc2\xa2\xc3\xa2\xe2\u20ac\u0161\xc2\xac\xc3\u201a\xc2\xa6"", self)"
"C:\Users\Fielduser\Documents\GitHub\Incident-Management-Assistant\main.py","505","78","act_export_bundle = QAction(""Export Customizations\xc3\u0192\xc2\xa2\xc3\xa2\xe2\u20ac\u0161\xc2\xac\xc3\u201a\xc2\xa6"", self)"
"C:\Users\Fielduser\Documents\GitHub\Incident-Management-Assistant\main.py","508","67","act_import_bundle = QAction(""Import Customizations\xc3\u0192\xc2\xa2\xc3\xa2\xe2\u20ac\u0161\xc2\xac\xc3\u201a\xc2\xa6"", self)"
"C:\Users\Fielduser\Documents\GitHub\Incident-Management-Assistant\main.py","508","71","act_import_bundle = QAction(""Import Customizations\xc3\u0192\xc2\xa2\xc3\xa2\xe2\u20ac\u0161\xc2\xac\xc3\u201a\xc2\xa6"", self)"
"C:\Users\Fielduser\Documents\GitHub\Incident-Management-Assistant\main.py","508","78","act_import_bundle = QAction(""Import Customizations\xc3\u0192\xc2\xa2\xc3\xa2\xe2\u20ac\u0161\xc2\xac\xc3\u201a\xc2\xa6"", self)"
"C:\Users\Fielduser\Documents\GitHub\Incident-Management-Assistant\main.py","517","44","self._add_action(m_edit, ""Hospitals\xc3\u0192\xc2\xa2\xc3\xa2\xe2\u20ac\u0161\xc2\xac\xc3\u201a\xc2\xa6"", ""Ctrl+H"", ""edit.hospitals"")"
"C:\Users\Fielduser\Documents\GitHub\Incident-Management-Assistant\main.py","517","48","self._add_action(m_edit, ""Hospitals\xc3\u0192\xc2\xa2\xc3\xa2\xe2\u20ac\u0161\xc2\xac\xc3\u201a\xc2\xa6"", ""Ctrl+H"", ""edit.hospitals"")"
"C:\Users\Fielduser\Documents\GitHub\Incident-Management-Assistant\main.py","517","55","self._add_action(m_edit, ""Hospitals\xc3\u0192\xc2\xa2\xc3\xa2\xe2\u20ac\u0161\xc2\xac\xc3\u201a\xc2\xa6"", ""Ctrl+H"", ""edit.hospitals"")"
"C:\Users\Fielduser\Documents\GitHub\Incident-Management-Assistant\main.py","571","57","act_theme_designer = QAction(""Theme Designer\xc3\u0192\xc2\xa2\xc3\xa2\xe2\u20ac\u0161\xc2\xac\xc3\u201a\xc2\xa6"", self)"
"C:\Users\Fielduser\Documents\GitHub\Incident-Management-Assistant\main.py","571","61","act_theme_designer = QAction(""Theme Designer\xc3\u0192\xc2\xa2\xc3\xa2\xe2\u20ac\u0161\xc2\xac\xc3\u201a\xc2\xa6"", self)"
"C:\Users\Fielduser\Documents\GitHub\Incident-Management-Assistant\main.py","571","68","act_theme_designer = QAction(""Theme Designer\xc3\u0192\xc2\xa2\xc3\xa2\xe2\u20ac\u0161\xc2\xac\xc3\u201a\xc2\xa6"", self)"
"C:\Users\Fielduser\Documents\GitHub\Incident-Management-Assistant\main.py","579","53","self._add_action(m_cmd, ""Incident Dashboard \xc3\u0192\xc2\xa2\xc3\xa2\xe2\u20ac\u0161\xc2\xac\xc3\xa2\xe2\u201a\xac\xc2\x9d Command"", None, ""command.incident_dashboard"")"
"C:\Users\Fielduser\Documents\GitHub\Incident-Management-Assistant\main.py","579","57","self._add_action(m_cmd, ""Incident Dashboard \xc3\u0192\xc2\xa2\xc3\xa2\xe2\u20ac\u0161\xc2\xac\xc3\xa2\xe2\u201a\xac\xc2\x9d Command"", None, ""command.incident_dashboard"")"
"C:\Users\Fielduser\Documents\GitHub\Incident-Management-Assistant\main.py","579","64","self._add_action(m_cmd, ""Incident Dashboard \xc3\u0192\xc2\xa2\xc3\xa2\xe2\u20ac\u0161\xc2\xac\xc3\xa2\xe2\u201a\xac\xc2\x9d Command"", None, ""command.incident_dashboard"")"
"C:\Users\Fielduser\Documents\GitHub\Incident-Management-Assistant\main.py","636","42","self._add_action(m_intel, ""Intel \xc3\u0192\xc2\xa2\xc3\xa2\xe2\u20ac\u0161\xc2\xac\xc3\xa2\xe2\u201a\xac\xc2\x9d Dashboard"", None, ""intel.dashboard"")"
"C:\Users\Fielduser\Documents\GitHub\Incident-Management-Assistant\main.py","636","46","self._add_action(m_intel, ""Intel \xc3\u0192\xc2\xa2\xc3\xa2\xe2\u20ac\u0161\xc2\xac\xc3\xa2\xe2\u201a\xac\xc2\x9d Dashboard"", None, ""intel.dashboard"")"
"C:\Users\Fielduser\Documents\GitHub\Incident-Management-Assistant\main.py","636","53","self._add_action(m_intel, ""Intel \xc3\u0192\xc2\xa2\xc3\xa2\xe2\u20ac\u0161\xc2\xac\xc3\xa2\xe2\u201a\xac\xc2\x9d Dashboard"", None, ""intel.dashboard"")"
"C:\Users\Fielduser\Documents\GitHub\Incident-Management-Assistant\main.py","638","42","self._add_action(m_intel, ""Intel \xc3\u0192\xc2\xa2\xc3\xa2\xe2\u20ac\u0161\xc2\xac\xc3\xa2\xe2\u201a\xac\xc2\x9d Data Manager"", None, ""intel.data_manager"")"
"C:\Users\Fielduser\Documents\GitHub\Incident-Management-Assistant\main.py","638","46","self._add_action(m_intel, ""Intel \xc3\u0192\xc2\xa2\xc3\xa2\xe2\u20ac\u0161\xc2\xac\xc3\xa2\xe2\u201a\xac\xc2\x9d Data Manager"", None, ""intel.data_manager"")"
"C:\Users\Fielduser\Documents\GitHub\Incident-Management-Assistant\main.py","638","53","self._add_action(m_intel, ""Intel \xc3\u0192\xc2\xa2\xc3\xa2\xe2\u20ac\u0161\xc2\xac\xc3\xa2\xe2\u201a\xac\xc2\x9d Data Manager"", None, ""intel.data_manager"")"
"C:\Users\Fielduser\Documents\GitHub\Incident-Management-Assistant\main.py","664","26","# Public Affairs \xc3\u0192\xc2\xa2\xc3\xa2\xe2\u20ac\u0161\xc2\xac\xc3\xa2\xe2\u201a\xac\xc2\x9d Dashboard entry"
"C:\Users\Fielduser\Documents\GitHub\Incident-Management-Assistant\main.py","664","30","# Public Affairs \xc3\u0192\xc2\xa2\xc3\xa2\xe2\u20ac\u0161\xc2\xac\xc3\xa2\xe2\u201a\xac\xc2\x9d Dashboard entry"
"C:\Users\Fielduser\Documents\GitHub\Incident-Management-Assistant\main.py","664","37","# Public Affairs \xc3\u0192\xc2\xa2\xc3\xa2\xe2\u20ac\u0161\xc2\xac\xc3\xa2\xe2\u201a\xac\xc2\x9d Dashboard entry"
"C:\Users\Fielduser\Documents\GitHub\Incident-Management-Assistant\main.py","791","61","act_team_detail = QAction(""Open Team Detail (Team ID\xc3\u0192\xc2\xa2\xc3\xa2\xe2\u20ac\u0161\xc2\xac\xc3\u201a\xc2\xa6)"", self)"
"C:\Users\Fielduser\Documents\GitHub\Incident-Management-Assistant\main.py","791","65","act_team_detail = QAction(""Open Team Detail (Team ID\xc3\u0192\xc2\xa2\xc3\xa2\xe2\u20ac\u0161\xc2\xac\xc3\u201a\xc2\xa6)"", self)"
"C:\Users\Fielduser\Documents\GitHub\Incident-Management-Assistant\main.py","791","72","act_team_detail = QAction(""Open Team Detail (Team ID\xc3\u0192\xc2\xa2\xc3\xa2\xe2\u20ac\u0161\xc2\xac\xc3\u201a\xc2\xa6)"", self)"
"C:\Users\Fielduser\Documents\GitHub\Incident-Management-Assistant\main.py","1245","65","self._open_dock_widget(panel, title=""Incident Dashboard \xc3\u0192\xc2\xa2\xc3\xa2\xe2\u20ac\u0161\xc2\xac\xc3\xa2\xe2\u201a\xac\xc2\x9d Command"")"
"C:\Users\Fielduser\Documents\GitHub\Incident-Management-Assistant\main.py","1245","69","self._open_dock_widget(panel, title=""Incident Dashboard \xc3\u0192\xc2\xa2\xc3\xa2\xe2\u20ac\u0161\xc2\xac\xc3\xa2\xe2\u201a\xac\xc2\x9d Command"")"
"C:\Users\Fielduser\Documents\GitHub\Incident-Management-Assistant\main.py","1245","76","self._open_dock_widget(panel, title=""Incident Dashboard \xc3\u0192\xc2\xa2\xc3\xa2\xe2\u20ac\u0161\xc2\xac\xc3\xa2\xe2\u201a\xac\xc2\x9d Command"")"
"C:\Users\Fielduser\Documents\GitHub\Incident-Management-Assistant\main.py","1295","30","""""""Open the Planning \xc3\u0192\xc2\xa2\xc3\xa2\xe2\u20ac\u0161\xc2\xac\xc3\xa2\xe2\u201a\xac\xc2\x9d At-a-Glance widget (compact, modeless/dock)."""""""
"C:\Users\Fielduser\Documents\GitHub\Incident-Management-Assistant\main.py","1295","34","""""""Open the Planning \xc3\u0192\xc2\xa2\xc3\xa2\xe2\u20ac\u0161\xc2\xac\xc3\xa2\xe2\u201a\xac\xc2\x9d At-a-Glance widget (compact, modeless/dock)."""""""
"C:\Users\Fielduser\Documents\GitHub\Incident-Management-Assistant\main.py","1295","41","""""""Open the Planning \xc3\u0192\xc2\xa2\xc3\xa2\xe2\u20ac\u0161\xc2\xac\xc3\xa2\xe2\u201a\xac\xc2\x9d At-a-Glance widget (compact, modeless/dock)."""""""
"C:\Users\Fielduser\Documents\GitHub\Incident-Management-Assistant\main.py","1314","56","self._open_dock_widget(widget, title=""Planning \xc3\u0192\xc2\xa2\xc3\xa2\xe2\u20ac\u0161\xc2\xac\xc3\xa2\xe2\u201a\xac\xc2\x9d At-a-Glance"")"
"C:\Users\Fielduser\Documents\GitHub\Incident-Management-Assistant\main.py","1314","60","self._open_dock_widget(widget, title=""Planning \xc3\u0192\xc2\xa2\xc3\xa2\xe2\u20ac\u0161\xc2\xac\xc3\xa2\xe2\u201a\xac\xc2\x9d At-a-Glance"")"
"C:\Users\Fielduser\Documents\GitHub\Incident-Management-Assistant\main.py","1314","67","self._open_dock_widget(widget, title=""Planning \xc3\u0192\xc2\xa2\xc3\xa2\xe2\u20ac\u0161\xc2\xac\xc3\xa2\xe2\u201a\xac\xc2\x9d At-a-Glance"")"
"C:\Users\Fielduser\Documents\GitHub\Incident-Management-Assistant\main.py","1412","58","self._open_dock_widget(widget, title=""Operations \xc3\u0192\xc2\xa2\xc3\xa2\xe2\u20ac\u0161\xc2\xac\xc3\xa2\xe2\u201a\xac\xc2\x9d Dashboard"")"
"C:\Users\Fielduser\Documents\GitHub\Incident-Management-Assistant\main.py","1412","62","self._open_dock_widget(widget, title=""Operations \xc3\u0192\xc2\xa2\xc3\xa2\xe2\u20ac\u0161\xc2\xac\xc3\xa2\xe2\u201a\xac\xc2\x9d Dashboard"")"
"C:\Users\Fielduser\Documents\GitHub\Incident-Management-Assistant\main.py","1412","69","self._open_dock_widget(widget, title=""Operations \xc3\u0192\xc2\xa2\xc3\xa2\xe2\u20ac\u0161\xc2\xac\xc3\xa2\xe2\u201a\xac\xc2\x9d Dashboard"")"
"C:\Users\Fielduser\Documents\GitHub\Incident-Management-Assistant\main.py","1503","58","op = AppState.get_active_op_period() or ""\xc3\u0192\xc2\xa2\xc3\xa2\xe2\u20ac\u0161\xc2\xac\xc3\xa2\xe2\u201a\xac\xc2\x9d"""
"C:\Users\Fielduser\Documents\GitHub\Incident-Management-Assistant\main.py","1503","62","op = AppState.get_active_op_period() or ""\xc3\u0192\xc2\xa2\xc3\xa2\xe2\u20ac\u0161\xc2\xac\xc3\xa2\xe2\u201a\xac\xc2\x9d"""
"C:\Users\Fielduser\Documents\GitHub\Incident-Management-Assistant\main.py","1503","69","op = AppState.get_active_op_period() or ""\xc3\u0192\xc2\xa2\xc3\xa2\xe2\u20ac\u0161\xc2\xac\xc3\xa2\xe2\u201a\xac\xc2\x9d"""
"C:\Users\Fielduser\Documents\GitHub\Incident-Management-Assistant\main.py","1504","60","role = AppState.get_active_user_role() or ""\xc3\u0192\xc2\xa2\xc3\xa2\xe2\u20ac\u0161\xc2\xac\xc3\xa2\xe2\u201a\xac\xc2\x9d"""
"C:\Users\Fielduser\Documents\GitHub\Incident-Management-Assistant\main.py","1504","64","role = AppState.get_active_user_role() or ""\xc3\u0192\xc2\xa2\xc3\xa2\xe2\u20ac\u0161\xc2\xac\xc3\xa2\xe2\u201a\xac\xc2\x9d"""
"C:\Users\Fielduser\Documents\GitHub\Incident-Management-Assistant\main.py","1504","71","role = AppState.get_active_user_role() or ""\xc3\u0192\xc2\xa2\xc3\xa2\xe2\u20ac\u0161\xc2\xac\xc3\xa2\xe2\u201a\xac\xc2\x9d"""
"C:\Users\Fielduser\Documents\GitHub\Incident-Management-Assistant\main.py","1506","29","op, role = ""\xc3\u0192\xc2\xa2\xc3\xa2\xe2\u20ac\u0161\xc2\xac\xc3\xa2\xe2\u201a\xac\xc2\x9d"", ""\xc3\u0192\xc2\xa2\xc3\xa2\xe2\u20ac\u0161\xc2\xac\xc3\xa2\xe2\u201a\xac\xc2\x9d"""
"C:\Users\Fielduser\Documents\GitHub\Incident-Management-Assistant\main.py","1506","33","op, role = ""\xc3\u0192\xc2\xa2\xc3\xa2\xe2\u20ac\u0161\xc2\xac\xc3\xa2\xe2\u201a\xac\xc2\x9d"", ""\xc3\u0192\xc2\xa2\xc3\xa2\xe2\u20ac\u0161\xc2\xac\xc3\xa2\xe2\u201a\xac\xc2\x9d"""
"C:\Users\Fielduser\Documents\GitHub\Incident-Management-Assistant\main.py","1506","40","op, role = ""\xc3\u0192\xc2\xa2\xc3\xa2\xe2\u20ac\u0161\xc2\xac\xc3\xa2\xe2\u201a\xac\xc2\x9d"", ""\xc3\u0192\xc2\xa2\xc3\xa2\xe2\u20ac\u0161\xc2\xac\xc3\xa2\xe2\u201a\xac\xc2\x9d"""
"C:\Users\Fielduser\Documents\GitHub\Incident-Management-Assistant\main.py","1506","51","op, role = ""\xc3\u0192\xc2\xa2\xc3\xa2\xe2\u20ac\u0161\xc2\xac\xc3\xa2\xe2\u201a\xac\xc2\x9d"", ""\xc3\u0192\xc2\xa2\xc3\xa2\xe2\u20ac\u0161\xc2\xac\xc3\xa2\xe2\u201a\xac\xc2\x9d"""
"C:\Users\Fielduser\Documents\GitHub\Incident-Management-Assistant\main.py","1506","55","op, role = ""\xc3\u0192\xc2\xa2\xc3\xa2\xe2\u20ac\u0161\xc2\xac\xc3\xa2\xe2\u201a\xac\xc2\x9d"", ""\xc3\u0192\xc2\xa2\xc3\xa2\xe2\u20ac\u0161\xc2\xac\xc3\xa2\xe2\u201a\xac\xc2\x9d"""
"C:\Users\Fielduser\Documents\GitHub\Incident-Management-Assistant\main.py","1506","62","op, role = ""\xc3\u0192\xc2\xa2\xc3\xa2\xe2\u20ac\u0161\xc2\xac\xc3\xa2\xe2\u201a\xac\xc2\x9d"", ""\xc3\u0192\xc2\xa2\xc3\xa2\xe2\u20ac\u0161\xc2\xac\xc3\xa2\xe2\u201a\xac\xc2\x9d"""
"C:\Users\Fielduser\Documents\GitHub\Incident-Management-Assistant\main.py","1613","43","msg = f""{msg} \xc3\u0192\xc2\xa2\xc3\xa2\xe2\u20ac\u0161\xc2\xac\xc3\xa2\xe2\u201a\xac\xc2\x9d {who}"""
"C:\Users\Fielduser\Documents\GitHub\Incident-Management-Assistant\main.py","1613","47","msg = f""{msg} \xc3\u0192\xc2\xa2\xc3\xa2\xe2\u20ac\u0161\xc2\xac\xc3\xa2\xe2\u201a\xac\xc2\x9d {who}"""
"C:\Users\Fielduser\Documents\GitHub\Incident-Management-Assistant\main.py","1613","54","msg = f""{msg} \xc3\u0192\xc2\xa2\xc3\xa2\xe2\u20ac\u0161\xc2\xac\xc3\xa2\xe2\u201a\xac\xc2\x9d {who}"""
"C:\Users\Fielduser\Documents\GitHub\Incident-Management-Assistant\main.py","1818","58","op = AppState.get_active_op_period() or ""\xc3\u0192\xc2\xa2\xc3\xa2\xe2\u20ac\u0161\xc2\xac\xc3\xa2\xe2\u201a\xac\xc2\x9d"""
"C:\Users\Fielduser\Documents\GitHub\Incident-Management-Assistant\main.py","1818","62","op = AppState.get_active_op_period() or ""\xc3\u0192\xc2\xa2\xc3\xa2\xe2\u20ac\u0161\xc2\xac\xc3\xa2\xe2\u201a\xac\xc2\x9d"""
"C:\Users\Fielduser\Documents\GitHub\Incident-Management-Assistant\main.py","1818","69","op = AppState.get_active_op_period() or ""\xc3\u0192\xc2\xa2\xc3\xa2\xe2\u20ac\u0161\xc2\xac\xc3\xa2\xe2\u201a\xac\xc2\x9d"""
"C:\Users\Fielduser\Documents\GitHub\Incident-Management-Assistant\main.py","1820","23","op = ""\xc3\u0192\xc2\xa2\xc3\xa2\xe2\u20ac\u0161\xc2\xac\xc3\xa2\xe2\u201a\xac\xc2\x9d"""
"C:\Users\Fielduser\Documents\GitHub\Incident-Management-Assistant\main.py","1820","27","op = ""\xc3\u0192\xc2\xa2\xc3\xa2\xe2\u20ac\u0161\xc2\xac\xc3\xa2\xe2\u201a\xac\xc2\x9d"""
"C:\Users\Fielduser\Documents\GitHub\Incident-Management-Assistant\main.py","1820","34","op = ""\xc3\u0192\xc2\xa2\xc3\xa2\xe2\u20ac\u0161\xc2\xac\xc3\xa2\xe2\u201a\xac\xc2\x9d"""
"C:\Users\Fielduser\Documents\GitHub\Incident-Management-Assistant\main.py","1822","60","role = AppState.get_active_user_role() or ""\xc3\u0192\xc2\xa2\xc3\xa2\xe2\u20ac\u0161\xc2\xac\xc3\xa2\xe2\u201a\xac\xc2\x9d"""
"C:\Users\Fielduser\Documents\GitHub\Incident-Management-Assistant\main.py","1822","64","role = AppState.get_active_user_role() or ""\xc3\u0192\xc2\xa2\xc3\xa2\xe2\u20ac\u0161\xc2\xac\xc3\xa2\xe2\u201a\xac\xc2\x9d"""
"C:\Users\Fielduser\Documents\GitHub\Incident-Management-Assistant\main.py","1822","71","role = AppState.get_active_user_role() or ""\xc3\u0192\xc2\xa2\xc3\xa2\xe2\u20ac\u0161\xc2\xac\xc3\xa2\xe2\u201a\xac\xc2\x9d"""
"C:\Users\Fielduser\Documents\GitHub\Incident-Management-Assistant\main.py","1824","25","role = ""\xc3\u0192\xc2\xa2\xc3\xa2\xe2\u20ac\u0161\xc2\xac\xc3\xa2\xe2\u201a\xac\xc2\x9d"""
"C:\Users\Fielduser\Documents\GitHub\Incident-Management-Assistant\main.py","1824","29","role = ""\xc3\u0192\xc2\xa2\xc3\xa2\xe2\u20ac\u0161\xc2\xac\xc3\xa2\xe2\u201a\xac\xc2\x9d"""
"C:\Users\Fielduser\Documents\GitHub\Incident-Management-Assistant\main.py","1824","36","role = ""\xc3\u0192\xc2\xa2\xc3\xa2\xe2\u20ac\u0161\xc2\xac\xc3\xa2\xe2\u201a\xac\xc2\x9d"""
"C:\Users\Fielduser\Documents\GitHub\Incident-Management-Assistant\main.py","1964","27","""""""Open the Intel \xc3\u0192\xc2\xa2\xc3\xa2\xe2\u20ac\u0161\xc2\xac\xc3\xa2\xe2\u201a\xac\xc2\x9d Dashboard (modeless) using the new QWidget."""""""
"C:\Users\Fielduser\Documents\GitHub\Incident-Management-Assistant\main.py","1964","31","""""""Open the Intel \xc3\u0192\xc2\xa2\xc3\xa2\xe2\u20ac\u0161\xc2\xac\xc3\xa2\xe2\u201a\xac\xc2\x9d Dashboard (modeless) using the new QWidget."""""""
"C:\Users\Fielduser\Documents\GitHub\Incident-Management-Assistant\main.py","1964","38","""""""Open the Intel \xc3\u0192\xc2\xa2\xc3\xa2\xe2\u20ac\u0161\xc2\xac\xc3\xa2\xe2\u201a\xac\xc2\x9d Dashboard (modeless) using the new QWidget."""""""
"C:\Users\Fielduser\Documents\GitHub\Incident-Management-Assistant\main.py","1972","50","QMessageBox.warning(self, ""Intel \xc3\u0192\xc2\xa2\xc3\xa2\xe2\u20ac\u0161\xc2\xac\xc3\xa2\xe2\u201a\xac\xc2\x9d Dashboard"", f""Widget unavailable.\n{e}"")"
"C:\Users\Fielduser\Documents\GitHub\Incident-Management-Assistant\main.py","1972","54","QMessageBox.warning(self, ""Intel \xc3\u0192\xc2\xa2\xc3\xa2\xe2\u20ac\u0161\xc2\xac\xc3\xa2\xe2\u201a\xac\xc2\x9d Dashboard"", f""Widget unavailable.\n{e}"")"
"C:\Users\Fielduser\Documents\GitHub\Incident-Management-Assistant\main.py","1972","61","QMessageBox.warning(self, ""Intel \xc3\u0192\xc2\xa2\xc3\xa2\xe2\u20ac\u0161\xc2\xac\xc3\xa2\xe2\u201a\xac\xc2\x9d Dashboard"", f""Widget unavailable.\n{e}"")"
"C:\Users\Fielduser\Documents\GitHub\Incident-Management-Assistant\main.py","1983","53","self._open_dock_widget(widget, title=""Intel \xc3\u0192\xc2\xa2\xc3\xa2\xe2\u20ac\u0161\xc2\xac\xc3\xa2\xe2\u201a\xac\xc2\x9d Dashboard"")"
"C:\Users\Fielduser\Documents\GitHub\Incident-Management-Assistant\main.py","1983","57","self._open_dock_widget(widget, title=""Intel \xc3\u0192\xc2\xa2\xc3\xa2\xe2\u20ac\u0161\xc2\xac\xc3\xa2\xe2\u201a\xac\xc2\x9d Dashboard"")"
"C:\Users\Fielduser\Documents\GitHub\Incident-Management-Assistant\main.py","1983","64","self._open_dock_widget(widget, title=""Intel \xc3\u0192\xc2\xa2\xc3\xa2\xe2\u20ac\u0161\xc2\xac\xc3\xa2\xe2\u201a\xac\xc2\x9d Dashboard"")"
"C:\Users\Fielduser\Documents\GitHub\Incident-Management-Assistant\main.py","2000","58","op = AppState.get_active_op_period() or ""\xc3\u0192\xc2\xa2\xc3\xa2\xe2\u20ac\u0161\xc2\xac\xc3\xa2\xe2\u201a\xac\xc2\x9d"""
"C:\Users\Fielduser\Documents\GitHub\Incident-Management-Assistant\main.py","2000","62","op = AppState.get_active_op_period() or ""\xc3\u0192\xc2\xa2\xc3\xa2\xe2\u20ac\u0161\xc2\xac\xc3\xa2\xe2\u201a\xac\xc2\x9d"""
"C:\Users\Fielduser\Documents\GitHub\Incident-Management-Assistant\main.py","2000","69","op = AppState.get_active_op_period() or ""\xc3\u0192\xc2\xa2\xc3\xa2\xe2\u20ac\u0161\xc2\xac\xc3\xa2\xe2\u201a\xac\xc2\x9d"""
"C:\Users\Fielduser\Documents\GitHub\Incident-Management-Assistant\main.py","2002","23","op = ""\xc3\u0192\xc2\xa2\xc3\xa2\xe2\u20ac\u0161\xc2\xac\xc3\xa2\xe2\u201a\xac\xc2\x9d"""
"C:\Users\Fielduser\Documents\GitHub\Incident-Management-Assistant\main.py","2002","27","op = ""\xc3\u0192\xc2\xa2\xc3\xa2\xe2\u20ac\u0161\xc2\xac\xc3\xa2\xe2\u201a\xac\xc2\x9d"""
"C:\Users\Fielduser\Documents\GitHub\Incident-Management-Assistant\main.py","2002","34","op = ""\xc3\u0192\xc2\xa2\xc3\xa2\xe2\u20ac\u0161\xc2\xac\xc3\xa2\xe2\u201a\xac\xc2\x9d"""
"C:\Users\Fielduser\Documents\GitHub\Incident-Management-Assistant\main.py","2004","60","role = AppState.get_active_user_role() or ""\xc3\u0192\xc2\xa2\xc3\xa2\xe2\u20ac\u0161\xc2\xac\xc3\xa2\xe2\u201a\xac\xc2\x9d"""
"C:\Users\Fielduser\Documents\GitHub\Incident-Management-Assistant\main.py","2004","64","role = AppState.get_active_user_role() or ""\xc3\u0192\xc2\xa2\xc3\xa2\xe2\u20ac\u0161\xc2\xac\xc3\xa2\xe2\u201a\xac\xc2\x9d"""
"C:\Users\Fielduser\Documents\GitHub\Incident-Management-Assistant\main.py","2004","71","role = AppState.get_active_user_role() or ""\xc3\u0192\xc2\xa2\xc3\xa2\xe2\u20ac\u0161\xc2\xac\xc3\xa2\xe2\u201a\xac\xc2\x9d"""
"C:\Users\Fielduser\Documents\GitHub\Incident-Management-Assistant\main.py","2006","25","role = ""\xc3\u0192\xc2\xa2\xc3\xa2\xe2\u20ac\u0161\xc2\xac\xc3\xa2\xe2\u201a\xac\xc2\x9d"""
"C:\Users\Fielduser\Documents\GitHub\Incident-Management-Assistant\main.py","2006","29","role = ""\xc3\u0192\xc2\xa2\xc3\xa2\xe2\u20ac\u0161\xc2\xac\xc3\xa2\xe2\u201a\xac\xc2\x9d"""
"C:\Users\Fielduser\Documents\GitHub\Incident-Management-Assistant\main.py","2006","36","role = ""\xc3\u0192\xc2\xa2\xc3\xa2\xe2\u20ac\u0161\xc2\xac\xc3\xa2\xe2\u201a\xac\xc2\x9d"""
"C:\Users\Fielduser\Documents\GitHub\Incident-Management-Assistant\main.py","2024","52","self._open_dock_widget(panel, title=""Intel \xc3\u0192\xc2\xa2\xc3\xa2\xe2\u20ac\u0161\xc2\xac\xc3\xa2\xe2\u201a\xac\xc2\x9d Data Manager"")"
"C:\Users\Fielduser\Documents\GitHub\Incident-Management-Assistant\main.py","2024","56","self._open_dock_widget(panel, title=""Intel \xc3\u0192\xc2\xa2\xc3\xa2\xe2\u20ac\u0161\xc2\xac\xc3\xa2\xe2\u201a\xac\xc2\x9d Data Manager"")"
"C:\Users\Fielduser\Documents\GitHub\Incident-Management-Assistant\main.py","2024","63","self._open_dock_widget(panel, title=""Intel \xc3\u0192\xc2\xa2\xc3\xa2\xe2\u20ac\u0161\xc2\xac\xc3\xa2\xe2\u201a\xac\xc2\x9d Data Manager"")"
"C:\Users\Fielduser\Documents\GitHub\Incident-Management-Assistant\main.py","2132","43","""""""Create/show the Public Affairs \xc3\u0192\xc2\xa2\xc3\xa2\xe2\u20ac\u0161\xc2\xac\xc3\xa2\xe2\u201a\xac\xc2\x9d Dashboard as a modeless widget."
"C:\Users\Fielduser\Documents\GitHub\Incident-Management-Assistant\main.py","2132","47","""""""Create/show the Public Affairs \xc3\u0192\xc2\xa2\xc3\xa2\xe2\u20ac\u0161\xc2\xac\xc3\xa2\xe2\u201a\xac\xc2\x9d Dashboard as a modeless widget."
"C:\Users\Fielduser\Documents\GitHub\Incident-Management-Assistant\main.py","2132","54","""""""Create/show the Public Affairs \xc3\u0192\xc2\xa2\xc3\xa2\xe2\u20ac\u0161\xc2\xac\xc3\xa2\xe2\u201a\xac\xc2\x9d Dashboard as a modeless widget."
"C:\Users\Fielduser\Documents\GitHub\Incident-Management-Assistant\main.py","2143","59","QMessageBox.warning(self, ""Public Affairs \xc3\u0192\xc2\xa2\xc3\xa2\xe2\u20ac\u0161\xc2\xac\xc3\xa2\xe2\u201a\xac\xc2\x9d Dashboard"", f""Widget unavailable.\n{e}"")"
"C:\Users\Fielduser\Documents\GitHub\Incident-Management-Assistant\main.py","2143","63","QMessageBox.warning(self, ""Public Affairs \xc3\u0192\xc2\xa2\xc3\xa2\xe2\u20ac\u0161\xc2\xac\xc3\xa2\xe2\u201a\xac\xc2\x9d Dashboard"", f""Widget unavailable.\n{e}"")"
"C:\Users\Fielduser\Documents\GitHub\Incident-Management-Assistant\main.py","2143","70","QMessageBox.warning(self, ""Public Affairs \xc3\u0192\xc2\xa2\xc3\xa2\xe2\u20ac\u0161\xc2\xac\xc3\xa2\xe2\u201a\xac\xc2\x9d Dashboard"", f""Widget unavailable.\n{e}"")"
"C:\Users\Fielduser\Documents\GitHub\Incident-Management-Assistant\main.py","2159","42","w.setWindowTitle(""Public Affairs \xc3\u0192\xc2\xa2\xc3\xa2\xe2\u20ac\u0161\xc2\xac\xc3\xa2\xe2\u201a\xac\xc2\x9d Dashboard"")"
"C:\Users\Fielduser\Documents\GitHub\Incident-Management-Assistant\main.py","2159","46","w.setWindowTitle(""Public Affairs \xc3\u0192\xc2\xa2\xc3\xa2\xe2\u20ac\u0161\xc2\xac\xc3\xa2\xe2\u201a\xac\xc2\x9d Dashboard"")"
"C:\Users\Fielduser\Documents\GitHub\Incident-Management-Assistant\main.py","2159","53","w.setWindowTitle(""Public Affairs \xc3\u0192\xc2\xa2\xc3\xa2\xe2\u20ac\u0161\xc2\xac\xc3\xa2\xe2\u201a\xac\xc2\x9d Dashboard"")"
"C:\Users\Fielduser\Documents\GitHub\Incident-Management-Assistant\main.py","2172","58","op = AppState.get_active_op_period() or ""\xc3\u0192\xc2\xa2\xc3\xa2\xe2\u20ac\u0161\xc2\xac\xc3\xa2\xe2\u201a\xac\xc2\x9d"""
"C:\Users\Fielduser\Documents\GitHub\Incident-Management-Assistant\main.py","2172","62","op = AppState.get_active_op_period() or ""\xc3\u0192\xc2\xa2\xc3\xa2\xe2\u20ac\u0161\xc2\xac\xc3\xa2\xe2\u201a\xac\xc2\x9d"""
"C:\Users\Fielduser\Documents\GitHub\Incident-Management-Assistant\main.py","2172","69","op = AppState.get_active_op_period() or ""\xc3\u0192\xc2\xa2\xc3\xa2\xe2\u20ac\u0161\xc2\xac\xc3\xa2\xe2\u201a\xac\xc2\x9d"""
"C:\Users\Fielduser\Documents\GitHub\Incident-Management-Assistant\main.py","2173","60","role = AppState.get_active_user_role() or ""\xc3\u0192\xc2\xa2\xc3\xa2\xe2\u20ac\u0161\xc2\xac\xc3\xa2\xe2\u201a\xac\xc2\x9d"""
"C:\Users\Fielduser\Documents\GitHub\Incident-Management-Assistant\main.py","2173","64","role = AppState.get_active_user_role() or ""\xc3\u0192\xc2\xa2\xc3\xa2\xe2\u20ac\u0161\xc2\xac\xc3\xa2\xe2\u201a\xac\xc2\x9d"""
"C:\Users\Fielduser\Documents\GitHub\Incident-Management-Assistant\main.py","2173","71","role = AppState.get_active_user_role() or ""\xc3\u0192\xc2\xa2\xc3\xa2\xe2\u20ac\u0161\xc2\xac\xc3\xa2\xe2\u201a\xac\xc2\x9d"""
"C:\Users\Fielduser\Documents\GitHub\Incident-Management-Assistant\main.py","2204","35","""""""Open the Finance/Admin \xc3\u0192\xc2\xa2\xc3\xa2\xe2\u20ac\u0161\xc2\xac\xc3\xa2\xe2\u201a\xac\xc2\x9d Dashboard (modeless) and enable auto-refresh."""""""
"C:\Users\Fielduser\Documents\GitHub\Incident-Management-Assistant\main.py","2204","39","""""""Open the Finance/Admin \xc3\u0192\xc2\xa2\xc3\xa2\xe2\u20ac\u0161\xc2\xac\xc3\xa2\xe2\u201a\xac\xc2\x9d Dashboard (modeless) and enable auto-refresh."""""""
"C:\Users\Fielduser\Documents\GitHub\Incident-Management-Assistant\main.py","2204","46","""""""Open the Finance/Admin \xc3\u0192\xc2\xa2\xc3\xa2\xe2\u20ac\u0161\xc2\xac\xc3\xa2\xe2\u201a\xac\xc2\x9d Dashboard (modeless) and enable auto-refresh."""""""
"C:\Users\Fielduser\Documents\GitHub\Incident-Management-Assistant\main.py","2225","61","self._open_dock_widget(widget, title=""Finance/Admin \xc3\u0192\xc2\xa2\xc3\xa2\xe2\u20ac\u0161\xc2\xac\xc3\xa2\xe2\u201a\xac\xc2\x9d Dashboard"")"
"C:\Users\Fielduser\Documents\GitHub\Incident-Management-Assistant\main.py","2225","65","self._open_dock_widget(widget, title=""Finance/Admin \xc3\u0192\xc2\xa2\xc3\xa2\xe2\u20ac\u0161\xc2\xac\xc3\xa2\xe2\u201a\xac\xc2\x9d Dashboard"")"
"C:\Users\Fielduser\Documents\GitHub\Incident-Management-Assistant\main.py","2225","72","self._open_dock_widget(widget, title=""Finance/Admin \xc3\u0192\xc2\xa2\xc3\xa2\xe2\u20ac\u0161\xc2\xac\xc3\xa2\xe2\u201a\xac\xc2\x9d Dashboard"")"
"C:\Users\Fielduser\Documents\GitHub\Incident-Management-Assistant\main.py","2285","58","op = AppState.get_active_op_period() or ""\xc3\u0192\xc2\xa2\xc3\xa2\xe2\u20ac\u0161\xc2\xac\xc3\xa2\xe2\u201a\xac\xc2\x9d"""
"C:\Users\Fielduser\Documents\GitHub\Incident-Management-Assistant\main.py","2285","62","op = AppState.get_active_op_period() or ""\xc3\u0192\xc2\xa2\xc3\xa2\xe2\u20ac\u0161\xc2\xac\xc3\xa2\xe2\u201a\xac\xc2\x9d"""
"C:\Users\Fielduser\Documents\GitHub\Incident-Management-Assistant\main.py","2285","69","op = AppState.get_active_op_period() or ""\xc3\u0192\xc2\xa2\xc3\xa2\xe2\u20ac\u0161\xc2\xac\xc3\xa2\xe2\u201a\xac\xc2\x9d"""
"C:\Users\Fielduser\Documents\GitHub\Incident-Management-Assistant\main.py","2287","23","op = ""\xc3\u0192\xc2\xa2\xc3\xa2\xe2\u20ac\u0161\xc2\xac\xc3\xa2\xe2\u201a\xac\xc2\x9d"""
"C:\Users\Fielduser\Documents\GitHub\Incident-Management-Assistant\main.py","2287","27","op = ""\xc3\u0192\xc2\xa2\xc3\xa2\xe2\u20ac\u0161\xc2\xac\xc3\xa2\xe2\u201a\xac\xc2\x9d"""
"C:\Users\Fielduser\Documents\GitHub\Incident-Management-Assistant\main.py","2287","34","op = ""\xc3\u0192\xc2\xa2\xc3\xa2\xe2\u20ac\u0161\xc2\xac\xc3\xa2\xe2\u201a\xac\xc2\x9d"""
"C:\Users\Fielduser\Documents\GitHub\Incident-Management-Assistant\main.py","2289","60","role = AppState.get_active_user_role() or ""\xc3\u0192\xc2\xa2\xc3\xa2\xe2\u20ac\u0161\xc2\xac\xc3\xa2\xe2\u201a\xac\xc2\x9d"""
"C:\Users\Fielduser\Documents\GitHub\Incident-Management-Assistant\main.py","2289","64","role = AppState.get_active_user_role() or ""\xc3\u0192\xc2\xa2\xc3\xa2\xe2\u20ac\u0161\xc2\xac\xc3\xa2\xe2\u201a\xac\xc2\x9d"""
"C:\Users\Fielduser\Documents\GitHub\Incident-Management-Assistant\main.py","2289","71","role = AppState.get_active_user_role() or ""\xc3\u0192\xc2\xa2\xc3\xa2\xe2\u20ac\u0161\xc2\xac\xc3\xa2\xe2\u201a\xac\xc2\x9d"""
"C:\Users\Fielduser\Documents\GitHub\Incident-Management-Assistant\main.py","2291","25","role = ""\xc3\u0192\xc2\xa2\xc3\xa2\xe2\u20ac\u0161\xc2\xac\xc3\xa2\xe2\u201a\xac\xc2\x9d"""
"C:\Users\Fielduser\Documents\GitHub\Incident-Management-Assistant\main.py","2291","29","role = ""\xc3\u0192\xc2\xa2\xc3\xa2\xe2\u20ac\u0161\xc2\xac\xc3\xa2\xe2\u201a\xac\xc2\x9d"""
"C:\Users\Fielduser\Documents\GitHub\Incident-Management-Assistant\main.py","2291","36","role = ""\xc3\u0192\xc2\xa2\xc3\xa2\xe2\u20ac\u0161\xc2\xac\xc3\xa2\xe2\u201a\xac\xc2\x9d"""
"C:\Users\Fielduser\Documents\GitHub\Incident-Management-Assistant\main.py","2304","42","""budget_remaining"": ""\xc3\u0192\xc2\xa2\xc3\xa2\xe2\u20ac\u0161\xc2\xac\xc3\xa2\xe2\u201a\xac\xc2\x9d"","
"C:\Users\Fielduser\Documents\GitHub\Incident-Management-Assistant\main.py","2304","46","""budget_remaining"": ""\xc3\u0192\xc2\xa2\xc3\xa2\xe2\u20ac\u0161\xc2\xac\xc3\xa2\xe2\u201a\xac\xc2\x9d"","
"C:\Users\Fielduser\Documents\GitHub\Incident-Management-Assistant\main.py","2304","53","""budget_remaining"": ""\xc3\u0192\xc2\xa2\xc3\xa2\xe2\u20ac\u0161\xc2\xac\xc3\xa2\xe2\u201a\xac\xc2\x9d"","
"C:\Users\Fielduser\Documents\GitHub\Incident-Management-Assistant\main.py","2305","39","""cost_op_today"": ""\xc3\u0192\xc2\xa2\xc3\xa2\xe2\u20ac\u0161\xc2\xac\xc3\xa2\xe2\u201a\xac\xc2\x9d"","
"C:\Users\Fielduser\Documents\GitHub\Incident-Management-Assistant\main.py","2305","43","""cost_op_today"": ""\xc3\u0192\xc2\xa2\xc3\xa2\xe2\u20ac\u0161\xc2\xac\xc3\xa2\xe2\u201a\xac\xc2\x9d"","
"C:\Users\Fielduser\Documents\GitHub\Incident-Management-Assistant\main.py","2305","50","""cost_op_today"": ""\xc3\u0192\xc2\xa2\xc3\xa2\xe2\u20ac\u0161\xc2\xac\xc3\xa2\xe2\u201a\xac\xc2\x9d"","
"C:\Users\Fielduser\Documents\GitHub\Incident-Management-Assistant\main.py","2306","40","""overtime_hours"": ""\xc3\u0192\xc2\xa2\xc3\xa2\xe2\u20ac\u0161\xc2\xac\xc3\xa2\xe2\u201a\xac\xc2\x9d"","
"C:\Users\Fielduser\Documents\GitHub\Incident-Management-Assistant\main.py","2306","44","""overtime_hours"": ""\xc3\u0192\xc2\xa2\xc3\xa2\xe2\u20ac\u0161\xc2\xac\xc3\xa2\xe2\u201a\xac\xc2\x9d"","
"C:\Users\Fielduser\Documents\GitHub\Incident-Management-Assistant\main.py","2306","51","""overtime_hours"": ""\xc3\u0192\xc2\xa2\xc3\xa2\xe2\u20ac\u0161\xc2\xac\xc3\xa2\xe2\u201a\xac\xc2\x9d"","
"C:\Users\Fielduser\Documents\GitHub\Incident-Management-Assistant\main.py","2320","40","""ops_cost_today"": ""\xc3\u0192\xc2\xa2\xc3\xa2\xe2\u20ac\u0161\xc2\xac\xc3\xa2\xe2\u201a\xac\xc2\x9d"","
"C:\Users\Fielduser\Documents\GitHub\Incident-Management-Assistant\main.py","2320","44","""ops_cost_today"": ""\xc3\u0192\xc2\xa2\xc3\xa2\xe2\u20ac\u0161\xc2\xac\xc3\xa2\xe2\u201a\xac\xc2\x9d"","
"C:\Users\Fielduser\Documents\GitHub\Incident-Management-Assistant\main.py","2320","51","""ops_cost_today"": ""\xc3\u0192\xc2\xa2\xc3\xa2\xe2\u20ac\u0161\xc2\xac\xc3\xa2\xe2\u201a\xac\xc2\x9d"","
"C:\Users\Fielduser\Documents\GitHub\Incident-Management-Assistant\main.py","2321","42","""ops_cost_to_date"": ""\xc3\u0192\xc2\xa2\xc3\xa2\xe2\u20ac\u0161\xc2\xac\xc3\xa2\xe2\u201a\xac\xc2\x9d"","
"C:\Users\Fielduser\Documents\GitHub\Incident-Management-Assistant\main.py","2321","46","""ops_cost_to_date"": ""\xc3\u0192\xc2\xa2\xc3\xa2\xe2\u20ac\u0161\xc2\xac\xc3\xa2\xe2\u201a\xac\xc2\x9d"","
"C:\Users\Fielduser\Documents\GitHub\Incident-Management-Assistant\main.py","2321","53","""ops_cost_to_date"": ""\xc3\u0192\xc2\xa2\xc3\xa2\xe2\u20ac\u0161\xc2\xac\xc3\xa2\xe2\u201a\xac\xc2\x9d"","
"C:\Users\Fielduser\Documents\GitHub\Incident-Management-Assistant\main.py","2322","38","""budget_total"": ""\xc3\u0192\xc2\xa2\xc3\xa2\xe2\u20ac\u0161\xc2\xac\xc3\xa2\xe2\u201a\xac\xc2\x9d"","
"C:\Users\Fielduser\Documents\GitHub\Incident-Management-Assistant\main.py","2322","42","""budget_total"": ""\xc3\u0192\xc2\xa2\xc3\xa2\xe2\u20ac\u0161\xc2\xac\xc3\xa2\xe2\u201a\xac\xc2\x9d"","
"C:\Users\Fielduser\Documents\GitHub\Incident-Management-Assistant\main.py","2322","49","""budget_total"": ""\xc3\u0192\xc2\xa2\xc3\xa2\xe2\u20ac\u0161\xc2\xac\xc3\xa2\xe2\u201a\xac\xc2\x9d"","
"C:\Users\Fielduser\Documents\GitHub\Incident-Management-Assistant\main.py","2323","37","""budget_used"": ""\xc3\u0192\xc2\xa2\xc3\xa2\xe2\u20ac\u0161\xc2\xac\xc3\xa2\xe2\u201a\xac\xc2\x9d"","
"C:\Users\Fielduser\Documents\GitHub\Incident-Management-Assistant\main.py","2323","41","""budget_used"": ""\xc3\u0192\xc2\xa2\xc3\xa2\xe2\u20ac\u0161\xc2\xac\xc3\xa2\xe2\u201a\xac\xc2\x9d"","
"C:\Users\Fielduser\Documents\GitHub\Incident-Management-Assistant\main.py","2323","48","""budget_used"": ""\xc3\u0192\xc2\xa2\xc3\xa2\xe2\u20ac\u0161\xc2\xac\xc3\xa2\xe2\u201a\xac\xc2\x9d"","
"C:\Users\Fielduser\Documents\GitHub\Incident-Management-Assistant\main.py","2324","42","""budget_remaining"": ""\xc3\u0192\xc2\xa2\xc3\xa2\xe2\u20ac\u0161\xc2\xac\xc3\xa2\xe2\u201a\xac\xc2\x9d"","
"C:\Users\Fielduser\Documents\GitHub\Incident-Management-Assistant\main.py","2324","46","""budget_remaining"": ""\xc3\u0192\xc2\xa2\xc3\xa2\xe2\u20ac\u0161\xc2\xac\xc3\xa2\xe2\u201a\xac\xc2\x9d"","
"C:\Users\Fielduser\Documents\GitHub\Incident-Management-Assistant\main.py","2324","53","""budget_remaining"": ""\xc3\u0192\xc2\xa2\xc3\xa2\xe2\u20ac\u0161\xc2\xac\xc3\xa2\xe2\u201a\xac\xc2\x9d"","
"C:\Users\Fielduser\Documents\GitHub\Incident-Management-Assistant\main.py","3050","40","btn_save = QPushButton(""Save As\xc3\u0192\xc2\xa2\xc3\xa2\xe2\u20ac\u0161\xc2\xac\xc3\u201a\xc2\xa6"")"
"C:\Users\Fielduser\Documents\GitHub\Incident-Management-Assistant\main.py","3050","44","btn_save = QPushButton(""Save As\xc3\u0192\xc2\xa2\xc3\xa2\xe2\u20ac\u0161\xc2\xac\xc3\u201a\xc2\xa6"")"
"C:\Users\Fielduser\Documents\GitHub\Incident-Management-Assistant\main.py","3050","51","btn_save = QPushButton(""Save As\xc3\u0192\xc2\xa2\xc3\xa2\xe2\u20ac\u0161\xc2\xac\xc3\u201a\xc2\xa6"")"
"C:\Users\Fielduser\Documents\GitHub\Incident-Management-Assistant\main.py","3219","34","suffix = f""  \xc3\u0192\xc2\xa2\xc3\xa2\xe2\u20ac\u0161\xc2\xac\xc3\u201a\xc2\xa2  User: {user_id or ''} ({user_role or ''})"""
"C:\Users\Fielduser\Documents\GitHub\Incident-Management-Assistant\main.py","3219","38","suffix = f""  \xc3\u0192\xc2\xa2\xc3\xa2\xe2\u20ac\u0161\xc2\xac\xc3\u201a\xc2\xa2  User: {user_id or ''} ({user_role or ''})"""
"C:\Users\Fielduser\Documents\GitHub\Incident-Management-Assistant\main.py","3219","45","suffix = f""  \xc3\u0192\xc2\xa2\xc3\xa2\xe2\u20ac\u0161\xc2\xac\xc3\u201a\xc2\xa2  User: {user_id or ''} ({user_role or ''})"""
"C:\Users\Fielduser\Documents\GitHub\Incident-Management-Assistant\main.py","3224","30","suffix = f""  \xc3\u0192\xc2\xa2\xc3\xa2\xe2\u20ac\u0161\xc2\xac\xc3\u201a\xc2\xa2  User: {user_id or ''} ({user_role or ''})"""
"C:\Users\Fielduser\Documents\GitHub\Incident-Management-Assistant\main.py","3224","34","suffix = f""  \xc3\u0192\xc2\xa2\xc3\xa2\xe2\u20ac\u0161\xc2\xac\xc3\u201a\xc2\xa2  User: {user_id or ''} ({user_role or ''})"""
"C:\Users\Fielduser\Documents\GitHub\Incident-Management-Assistant\main.py","3224","41","suffix = f""  \xc3\u0192\xc2\xa2\xc3\xa2\xe2\u20ac\u0161\xc2\xac\xc3\u201a\xc2\xa2  User: {user_id or ''} ({user_role or ''})"""
"C:\Users\Fielduser\Documents\GitHub\Incident-Management-Assistant\main.py","3252","72","f""Incident: {incident['number']} | {incident['name']}  \xc3\u0192\xc2\xa2\xc3\xa2\xe2\u20ac\u0161\xc2\xac\xc3\u201a\xc2\xa2  """
"C:\Users\Fielduser\Documents\GitHub\Incident-Management-Assistant\main.py","3252","76","f""Incident: {incident['number']} | {incident['name']}  \xc3\u0192\xc2\xa2\xc3\xa2\xe2\u20ac\u0161\xc2\xac\xc3\u201a\xc2\xa2  """
"C:\Users\Fielduser\Documents\GitHub\Incident-Management-Assistant\main.py","3252","83","f""Incident: {incident['number']} | {incident['name']}  \xc3\u0192\xc2\xa2\xc3\xa2\xe2\u20ac\u0161\xc2\xac\xc3\u201a\xc2\xa2  """
"C:\Users\Fielduser\Documents\GitHub\Incident-Management-Assistant\main.py","3253","43","f""User: {user_id or '-'}  \xc3\u0192\xc2\xa2\xc3\xa2\xe2\u20ac\u0161\xc2\xac\xc3\u201a\xc2\xa2  Role: {user_role or '-'}"""
"C:\Users\Fielduser\Documents\GitHub\Incident-Management-Assistant\main.py","3253","47","f""User: {user_id or '-'}  \xc3\u0192\xc2\xa2\xc3\xa2\xe2\u20ac\u0161\xc2\xac\xc3\u201a\xc2\xa2  Role: {user_role or '-'}"""
"C:\Users\Fielduser\Documents\GitHub\Incident-Management-Assistant\main.py","3253","54","f""User: {user_id or '-'}  \xc3\u0192\xc2\xa2\xc3\xa2\xe2\u20ac\u0161\xc2\xac\xc3\u201a\xc2\xa2  Role: {user_role or '-'}"""
"C:\Users\Fielduser\Documents\GitHub\Incident-Management-Assistant\main.py","3256","38","text = f""Incident: None  \xc3\u0192\xc2\xa2\xc3\xa2\xe2\u20ac\u0161\xc2\xac\xc3\u201a\xc2\xa2  User: {user_id or '-'}  \xc3\u0192\xc2\xa2\xc3\xa2\xe2\u20ac\u0161\xc2\xac\xc3\u201a\xc2\xa2  Role: {user_role or '-'}"""
"C:\Users\Fielduser\Documents\GitHub\Incident-Management-Assistant\main.py","3256","42","text = f""Incident: None  \xc3\u0192\xc2\xa2\xc3\xa2\xe2\u20ac\u0161\xc2\xac\xc3\u201a\xc2\xa2  User: {user_id or '-'}  \xc3\u0192\xc2\xa2\xc3\xa2\xe2\u20ac\u0161\xc2\xac\xc3\u201a\xc2\xa2  Role: {user_role or '-'}"""
"C:\Users\Fielduser\Documents\GitHub\Incident-Management-Assistant\main.py","3256","49","text = f""Incident: None  \xc3\u0192\xc2\xa2\xc3\xa2\xe2\u20ac\u0161\xc2\xac\xc3\u201a\xc2\xa2  User: {user_id or '-'}  \xc3\u0192\xc2\xa2\xc3\xa2\xe2\u20ac\u0161\xc2\xac\xc3\u201a\xc2\xa2  Role: {user_role or '-'}"""
"C:\Users\Fielduser\Documents\GitHub\Incident-Management-Assistant\main.py","3256","79","text = f""Incident: None  \xc3\u0192\xc2\xa2\xc3\xa2\xe2\u20ac\u0161\xc2\xac\xc3\u201a\xc2\xa2  User: {user_id or '-'}  \xc3\u0192\xc2\xa2\xc3\xa2\xe2\u20ac\u0161\xc2\xac\xc3\u201a\xc2\xa2  Role: {user_role or '-'}"""
"C:\Users\Fielduser\Documents\GitHub\Incident-Management-Assistant\main.py","3256","83","text = f""Incident: None  \xc3\u0192\xc2\xa2\xc3\xa2\xe2\u20ac\u0161\xc2\xac\xc3\u201a\xc2\xa2  User: {user_id or '-'}  \xc3\u0192\xc2\xa2\xc3\xa2\xe2\u20ac\u0161\xc2\xac\xc3\u201a\xc2\xa2  Role: {user_role or '-'}"""
"C:\Users\Fielduser\Documents\GitHub\Incident-Management-Assistant\main.py","3256","90","text = f""Incident: None  \xc3\u0192\xc2\xa2\xc3\xa2\xe2\u20ac\u0161\xc2\xac\xc3\u201a\xc2\xa2  User: {user_id or '-'}  \xc3\u0192\xc2\xa2\xc3\xa2\xe2\u20ac\u0161\xc2\xac\xc3\u201a\xc2\xa2  Role: {user_role or '-'}"""
"C:\Users\Fielduser\Documents\GitHub\Incident-Management-Assistant\main.py","3549","33","suffix = f"" \xc3\u0192\xc2\xa2\xc3\xa2\xe2\u20ac\u0161\xc2\xac\xc3\xa2\xe2\u201a\xac\xc2\x9d User: {user_id or ''} ({user_role or ''})"""
"C:\Users\Fielduser\Documents\GitHub\Incident-Management-Assistant\main.py","3549","37","suffix = f"" \xc3\u0192\xc2\xa2\xc3\xa2\xe2\u20ac\u0161\xc2\xac\xc3\xa2\xe2\u201a\xac\xc2\x9d User: {user_id or ''} ({user_role or ''})"""
"C:\Users\Fielduser\Documents\GitHub\Incident-Management-Assistant\main.py","3549","44","suffix = f"" \xc3\u0192\xc2\xa2\xc3\xa2\xe2\u20ac\u0161\xc2\xac\xc3\xa2\xe2\u201a\xac\xc2\x9d User: {user_id or ''} ({user_role or ''})"""
"C:\Users\Fielduser\Documents\GitHub\Incident-Management-Assistant\main.py","3554","29","suffix = f"" \xc3\u0192\xc2\xa2\xc3\xa2\xe2\u20ac\u0161\xc2\xac\xc3\xa2\xe2\u201a\xac\xc2\x9d User: {user_id or ''} ({user_role or ''})"""
"C:\Users\Fielduser\Documents\GitHub\Incident-Management-Assistant\main.py","3554","33","suffix = f"" \xc3\u0192\xc2\xa2\xc3\xa2\xe2\u20ac\u0161\xc2\xac\xc3\xa2\xe2\u201a\xac\xc2\x9d User: {user_id or ''} ({user_role or ''})"""
"C:\Users\Fielduser\Documents\GitHub\Incident-Management-Assistant\main.py","3554","40","suffix = f"" \xc3\u0192\xc2\xa2\xc3\xa2\xe2\u20ac\u0161\xc2\xac\xc3\xa2\xe2\u201a\xac\xc2\x9d User: {user_id or ''} ({user_role or ''})"""
"C:\Users\Fielduser\Documents\GitHub\Incident-Management-Assistant\main.py","3586","75","text = f""Incident: {incident['number']} | {incident['name']}  \xc3\u0192\xc2\xa2\xc3\xa2\xe2\u20ac\u0161\xc2\xac\xc3\u201a\xc2\xa2  User: {user_id or '-'}  \xc3\u0192\xc2\xa2\xc3\xa2\xe2\u20ac\u0161\xc2\xac\xc3\u201a\xc2\xa2  Role: {user_role or '-'}"""
"C:\Users\Fielduser\Documents\GitHub\Incident-Management-Assistant\main.py","3586","79","text = f""Incident: {incident['number']} | {incident['name']}  \xc3\u0192\xc2\xa2\xc3\xa2\xe2\u20ac\u0161\xc2\xac\xc3\u201a\xc2\xa2  User: {user_id or '-'}  \xc3\u0192\xc2\xa2\xc3\xa2\xe2\u20ac\u0161\xc2\xac\xc3\u201a\xc2\xa2  Role: {user_role or '-'}"""
"C:\Users\Fielduser\Documents\GitHub\Incident-Management-Assistant\main.py","3586","86","text = f""Incident: {incident['number']} | {incident['name']}  \xc3\u0192\xc2\xa2\xc3\xa2\xe2\u20ac\u0161\xc2\xac\xc3\u201a\xc2\xa2  User: {user_id or '-'}  \xc3\u0192\xc2\xa2\xc3\xa2\xe2\u20ac\u0161\xc2\xac\xc3\u201a\xc2\xa2  Role: {user_role or '-'}"""
"C:\Users\Fielduser\Documents\GitHub\Incident-Management-Assistant\main.py","3586","116","text = f""Incident: {incident['number']} | {incident['name']}  \xc3\u0192\xc2\xa2\xc3\xa2\xe2\u20ac\u0161\xc2\xac\xc3\u201a\xc2\xa2  User: {user_id or '-'}  \xc3\u0192\xc2\xa2\xc3\xa2\xe2\u20ac\u0161\xc2\xac\xc3\u201a\xc2\xa2  Role: {user_role or '-'}"""
"C:\Users\Fielduser\Documents\GitHub\Incident-Management-Assistant\main.py","3586","120","text = f""Incident: {incident['number']} | {incident['name']}  \xc3\u0192\xc2\xa2\xc3\xa2\xe2\u20ac\u0161\xc2\xac\xc3\u201a\xc2\xa2  User: {user_id or '-'}  \xc3\u0192\xc2\xa2\xc3\xa2\xe2\u20ac\u0161\xc2\xac\xc3\u201a\xc2\xa2  Role: {user_role or '-'}"""
"C:\Users\Fielduser\Documents\GitHub\Incident-Management-Assistant\main.py","3586","127","text = f""Incident: {incident['number']} | {incident['name']}  \xc3\u0192\xc2\xa2\xc3\xa2\xe2\u20ac\u0161\xc2\xac\xc3\u201a\xc2\xa2  User: {user_id or '-'}  \xc3\u0192\xc2\xa2\xc3\xa2\xe2\u20ac\u0161\xc2\xac\xc3\u201a\xc2\xa2  Role: {user_role or '-'}"""
"C:\Users\Fielduser\Documents\GitHub\Incident-Management-Assistant\main.py","3588","38","text = f""Incident: None  \xc3\u0192\xc2\xa2\xc3\xa2\xe2\u20ac\u0161\xc2\xac\xc3\u201a\xc2\xa2  User: {user_id or '-'}  \xc3\u0192\xc2\xa2\xc3\xa2\xe2\u20ac\u0161\xc2\xac\xc3\u201a\xc2\xa2  Role: {user_role or '-'}"""
"C:\Users\Fielduser\Documents\GitHub\Incident-Management-Assistant\main.py","3588","42","text = f""Incident: None  \xc3\u0192\xc2\xa2\xc3\xa2\xe2\u20ac\u0161\xc2\xac\xc3\u201a\xc2\xa2  User: {user_id or '-'}  \xc3\u0192\xc2\xa2\xc3\xa2\xe2\u20ac\u0161\xc2\xac\xc3\u201a\xc2\xa2  Role: {user_role or '-'}"""
"C:\Users\Fielduser\Documents\GitHub\Incident-Management-Assistant\main.py","3588","49","text = f""Incident: None  \xc3\u0192\xc2\xa2\xc3\xa2\xe2\u20ac\u0161\xc2\xac\xc3\u201a\xc2\xa2  User: {user_id or '-'}  \xc3\u0192\xc2\xa2\xc3\xa2\xe2\u20ac\u0161\xc2\xac\xc3\u201a\xc2\xa2  Role: {user_role or '-'}"""
"C:\Users\Fielduser\Documents\GitHub\Incident-Management-Assistant\main.py","3588","79","text = f""Incident: None  \xc3\u0192\xc2\xa2\xc3\xa2\xe2\u20ac\u0161\xc2\xac\xc3\u201a\xc2\xa2  User: {user_id or '-'}  \xc3\u0192\xc2\xa2\xc3\xa2\xe2\u20ac\u0161\xc2\xac\xc3\u201a\xc2\xa2  Role: {user_role or '-'}"""
"C:\Users\Fielduser\Documents\GitHub\Incident-Management-Assistant\main.py","3588","83","text = f""Incident: None  \xc3\u0192\xc2\xa2\xc3\xa2\xe2\u20ac\u0161\xc2\xac\xc3\u201a\xc2\xa2  User: {user_id or '-'}  \xc3\u0192\xc2\xa2\xc3\xa2\xe2\u20ac\u0161\xc2\xac\xc3\u201a\xc2\xa2  Role: {user_role or '-'}"""
"C:\Users\Fielduser\Documents\GitHub\Incident-Management-Assistant\main.py","3588","90","text = f""Incident: None  \xc3\u0192\xc2\xa2\xc3\xa2\xe2\u20ac\u0161\xc2\xac\xc3\u201a\xc2\xa2  User: {user_id or '-'}  \xc3\u0192\xc2\xa2\xc3\xa2\xe2\u20ac\u0161\xc2\xac\xc3\u201a\xc2\xa2  Role: {user_role or '-'}"""
"C:\Users\Fielduser\Documents\GitHub\Incident-Management-Assistant\modules\login_dialog.py","154","38","# Populate combo: show ""Name \xe2\u20ac\u201d #Number""; store number as itemData"
"C:\Users\Fielduser\Documents\GitHub\Incident-Management-Assistant\modules\login_dialog.py","156","48","label = f""{it.name or '(unnamed)'} \xe2\u20ac\u201d #{it.number}"""
"C:\Users\Fielduser\Documents\GitHub\Incident-Management-Assistant\modules\operations\taskings\task_detail_widget.py","663","35","tabs.addTab(QLabel(""Teams \xe2\u20ac\u201d coming soon""), ""Teams"")"
"C:\Users\Fielduser\Documents\GitHub\Incident-Management-Assistant\modules\operations\taskings\task_detail_widget.py","664","39","tabs.addTab(QLabel(""Personnel \xe2\u20ac\u201d coming soon""), ""Personnel"")"
"C:\Users\Fielduser\Documents\GitHub\Incident-Management-Assistant\modules\operations\taskings\task_detail_widget.py","1065","33","tabs.addTab(QLabel(""Log \xe2\u20ac\u201d coming soon""), ""Log"")"
"C:\Users\Fielduser\Documents\GitHub\Incident-Management-Assistant\modules\operations\taskings\task_detail_widget.py","2470","49","lw.addItem(f""{t.get('team_id')} \xe2\u20ac\u201d {t.get('team_name')}  \xe2\u20ac\xa2  {t.get('team_leader')}"")"
"C:\Users\Fielduser\Documents\GitHub\Incident-Management-Assistant\modules\operations\taskings\task_detail_widget.py","2596","58","self._plan_obj_cb.addItem(f""{o.code} \xe2\u20ac\u201d {o.text}"", o.id)"
"C:\Users\Fielduser\Documents\GitHub\Incident-Management-Assistant\modules\operations\taskings\task_detail_widget.py","2610","60","it_obj = QStandardItem(f""{link.objective_code} \xe2\u20ac\u201d {link.objective_text}"")"
"C:\Users\Fielduser\Documents\GitHub\Incident-Management-Assistant\modules\operations\taskings\task_detail_widget.py","3311","68","self._deb_info.setText(f""Task {int(self._task_id)} \xe2\u20ac\u201d Debriefs: {count} (load error: {err_msg})"")"
"C:\Users\Fielduser\Documents\GitHub\Incident-Management-Assistant\modules\operations\taskings\task_detail_widget.py","3313","68","self._deb_info.setText(f""Task {int(self._task_id)} \xe2\u20ac\u201d Debriefs: {count}"")"
"C:\Users\Fielduser\Documents\GitHub\Incident-Management-Assistant\modules\operations\taskings\task_detail_widget.py","3514","49","dlg.setWindowTitle(f""Debrief Editor \xe2\u20ac\u201d ID {debrief_id}"")"
"C:\Users\Fielduser\Documents\GitHub\Incident-Management-Assistant\modules\operations\taskings\task_detail_widget.py","2852","98","a_sp_pod = QLineEdit(a_content); a_sp_pod.setPlaceholderText(""Probability of Detection (0\xe2\u20ac\u201c100)""); self._assign_w['a_sp_pod'] = a_sp_pod"
"C:\Users\Fielduser\Documents\GitHub\Incident-Management-Assistant\modules\operations\taskings\task_detail_widget.py","2891","61","wpod.setToolTip('Probability of detection: 0\xe2\u20ac\u201c100')"
"C:\Users\Fielduser\Documents\GitHub\Incident-Management-Assistant\modules\operations\taskings\task_detail_widget.py","2470","75","lw.addItem(f""{t.get('team_id')} \xe2\u20ac\u201d {t.get('team_name')}  \xe2\u20ac\xa2  {t.get('team_leader')}"")"
"C:\Users\Fielduser\Documents\GitHub\Incident-Management-Assistant\modules\operations\taskings\task_detail_widget.py","1133","98","self._tlog_search = QLineEdit(); self._tlog_search.setPlaceholderText(""Search keyword\xe2\u20ac\xa6"")"
"C:\Users\Fielduser\Documents\GitHub\Incident-Management-Assistant\modules\operations\taskings\task_detail_widget.py","1134","94","self._tlog_field = QLineEdit(); self._tlog_field.setPlaceholderText(""Field filter\xe2\u20ac\xa6"")"
"C:\Users\Fielduser\Documents\GitHub\Incident-Management-Assistant\scripts\encoding_audit.py","21","6","'\xe2\u20ac\u2122', '\xe2\u20ac\u02dc', '\xe2\u20ac\u0153', '\xe2\u20ac\u009d', '\xe2\u20ac\u009c', '\xe2\u20ac\u201d', '\xe2\u20ac\u201c', '\xe2\u20ac\xa2', '\xe2\u20ac\xa6',"
"C:\Users\Fielduser\Documents\GitHub\Incident-Management-Assistant\scripts\encoding_audit.py","21","13","'\xe2\u20ac\u2122', '\xe2\u20ac\u02dc', '\xe2\u20ac\u0153', '\xe2\u20ac\u009d', '\xe2\u20ac\u009c', '\xe2\u20ac\u201d', '\xe2\u20ac\u201c', '\xe2\u20ac\xa2', '\xe2\u20ac\xa6',"
"C:\Users\Fielduser\Documents\GitHub\Incident-Management-Assistant\scripts\encoding_audit.py","21","20","'\xe2\u20ac\u2122', '\xe2\u20ac\u02dc', '\xe2\u20ac\u0153', '\xe2\u20ac\u009d', '\xe2\u20ac\u009c', '\xe2\u20ac\u201d', '\xe2\u20ac\u201c', '\xe2\u20ac\xa2', '\xe2\u20ac\xa6',"
"C:\Users\Fielduser\Documents\GitHub\Incident-Management-Assistant\scripts\encoding_audit.py","21","51","'\xe2\u20ac\u2122', '\xe2\u20ac\u02dc', '\xe2\u20ac\u0153', '\xe2\u20ac\u009d', '\xe2\u20ac\u009c', '\xe2\u20ac\u201d', '\xe2\u20ac\u201c', '\xe2\u20ac\xa2', '\xe2\u20ac\xa6',"
"C:\Users\Fielduser\Documents\GitHub\Incident-Management-Assistant\scripts\encoding_audit.py","21","58","'\xe2\u20ac\u2122', '\xe2\u20ac\u02dc', '\xe2\u20ac\u0153', '\xe2\u20ac\u009d', '\xe2\u20ac\u009c', '\xe2\u20ac\u201d', '\xe2\u20ac\u201c', '\xe2\u20ac\xa2', '\xe2\u20ac\xa6',"
"C:\Users\Fielduser\Documents\GitHub\Incident-Management-Assistant\scripts\encoding_audit.py","21","65","'\xe2\u20ac\u2122', '\xe2\u20ac\u02dc', '\xe2\u20ac\u0153', '\xe2\u20ac\u009d', '\xe2\u20ac\u009c', '\xe2\u20ac\u201d', '\xe2\u20ac\u201c', '\xe2\u20ac\xa2', '\xe2\u20ac\xa6',"
"C:\Users\Fielduser\Documents\GitHub\Incident-Management-Assistant\scripts\encoding_audit.py","21","72","'\xe2\u20ac\u2122', '\xe2\u20ac\u02dc', '\xe2\u20ac\u0153', '\xe2\u20ac\u009d', '\xe2\u20ac\u009c', '\xe2\u20ac\u201d', '\xe2\u20ac\u201c', '\xe2\u20ac\xa2', '\xe2\u20ac\xa6',"
"C:\Users\Fielduser\Documents\GitHub\Incident-Management-Assistant\scripts\encoding_audit.py","22","6","'\xc2\xa9', '\xc2\xae', '\xc2\xab', '\xc2\xbb', '\xc2\u20ac', '\xe2\u201a\xac', '\xc2\xb7', '\xc2 ', '\xc3', '\ufffd'"
"C:\Users\Fielduser\Documents\GitHub\Incident-Management-Assistant\scripts\encoding_audit.py","22","12","'\xc2\xa9', '\xc2\xae', '\xc2\xab', '\xc2\xbb', '\xc2\u20ac', '\xe2\u201a\xac', '\xc2\xb7', '\xc2 ', '\xc3', '\ufffd'"
"C:\Users\Fielduser\Documents\GitHub\Incident-Management-Assistant\scripts\encoding_audit.py","22","18","'\xc2\xa9', '\xc2\xae', '\xc2\xab', '\xc2\xbb', '\xc2\u20ac', '\xe2\u201a\xac', '\xc2\xb7', '\xc2 ', '\xc3', '\ufffd'"
"C:\Users\Fielduser\Documents\GitHub\Incident-Management-Assistant\scripts\encoding_audit.py","22","24","'\xc2\xa9', '\xc2\xae', '\xc2\xab', '\xc2\xbb', '\xc2\u20ac', '\xe2\u201a\xac', '\xc2\xb7', '\xc2 ', '\xc3', '\ufffd'"
"C:\Users\Fielduser\Documents\GitHub\Incident-Management-Assistant\scripts\encoding_audit.py","22","30","'\xc2\xa9', '\xc2\xae', '\xc2\xab', '\xc2\xbb', '\xc2\u20ac', '\xe2\u201a\xac', '\xc2\xb7', '\xc2 ', '\xc3', '\ufffd'"
"C:\Users\Fielduser\Documents\GitHub\Incident-Management-Assistant\scripts\encoding_audit.py","22","36","'\xc2\xa9', '\xc2\xae', '\xc2\xab', '\xc2\xbb', '\xc2\u20ac', '\xe2\u201a\xac', '\xc2\xb7', '\xc2 ', '\xc3', '\ufffd'"
"C:\Users\Fielduser\Documents\GitHub\Incident-Management-Assistant\scripts\encoding_audit.py","22","43","'\xc2\xa9', '\xc2\xae', '\xc2\xab', '\xc2\xbb', '\xc2\u20ac', '\xe2\u201a\xac', '\xc2\xb7', '\xc2 ', '\xc3', '\ufffd'"
"C:\Users\Fielduser\Documents\GitHub\Incident-Management-Assistant\scripts\encoding_audit.py","22","49","'\xc2\xa9', '\xc2\xae', '\xc2\xab', '\xc2\xbb', '\xc2\u20ac', '\xe2\u201a\xac', '\xc2\xb7', '\xc2 ', '\xc3', '\ufffd'"
"C:\Users\Fielduser\Documents\GitHub\Incident-Management-Assistant\scripts\encoding_audit.py","22","55","'\xc2\xa9', '\xc2\xae', '\xc2\xab', '\xc2\xbb', '\xc2\u20ac', '\xe2\u201a\xac', '\xc2\xb7', '\xc2 ', '\xc3', '\ufffd'"
"C:\Users\Fielduser\Documents\GitHub\Incident-Management-Assistant\scripts\encoding_audit.py","22","60","'\xc2\xa9', '\xc2\xae', '\xc2\xab', '\xc2\xbb', '\xc2\u20ac', '\xe2\u201a\xac', '\xc2\xb7', '\xc2 ', '\xc3', '\ufffd'"
